<?xml version="1.0" encoding="UTF-8"?>

<!-- generated on Sat Oct  8 17:55:02 2016 by SUMO duarouter Version dev-SVN-r21635
<?xml version="1.0" encoding="UTF-8"?>

<configuration xmlns:xsi="http://www.w3.org/2001/XMLSchema-instance" xsi:noNamespaceSchemaLocation="http://sumo.dlr.de/xsd/duarouterConfiguration.xsd">

    <input>
        <net-file value="map.net.xml"/>
        <trip-files value="trip.trips.xml"/>
    </input>

    <output>
        <output-file value="route.rou.xml"/>
    </output>

    <processing>
        <ignore-errors value="true"/>
        <repair value="true"/>
    </processing>

</configuration>
-->

<routes xmlns:xsi="http://www.w3.org/2001/XMLSchema-instance" xsi:noNamespaceSchemaLocation="http://sumo.dlr.de/xsd/routes_file.xsd">
    <vehicle id="0" depart="0.00" departLane="best" departPos="random_free" departSpeed="max">
        <routeDistribution last="0">
            <route cost="91.33" probability="1.00000000" edges="7/2to8/2 8/2to7/2 7/2to6/2 6/2to5/2 5/2to4/2 4/2to3/2 3/2to2/2 2/2to2/3 2/3to2/4 2/4to2/5 2/5to2/6 2/6to2/7 2/7to3/7"/>
        </routeDistribution>
    </vehicle>
    <vehicle id="1" depart="1.00" departLane="best" departPos="random_free" departSpeed="max">
        <routeDistribution last="0">
            <route cost="28.10" probability="1.00000000" edges="7/6to8/6 8/6to8/5 8/5to8/4 8/4to8/3"/>
        </routeDistribution>
    </vehicle>
    <vehicle id="2" depart="2.00" departLane="best" departPos="random_free" departSpeed="max">
        <routeDistribution last="0">
            <route cost="42.15" probability="1.00000000" edges="6/4to6/5 6/5to7/5 7/5to8/5 8/5to9/5 9/5to10/5 10/5to9/5"/>
        </routeDistribution>
    </vehicle>
    <vehicle id="3" depart="3.00" departLane="best" departPos="random_free" departSpeed="max">
        <routeDistribution last="0">
            <route cost="63.22" probability="1.00000000" edges="8/9to7/9 7/9to7/8 7/8to7/7 7/7to7/6 7/6to7/5 7/5to7/4 7/4to7/3 7/3to7/2 7/2to8/2"/>
        </routeDistribution>
    </vehicle>
    <vehicle id="4" depart="4.00" departLane="best" departPos="random_free" departSpeed="max">
        <routeDistribution last="0">
            <route cost="77.28" probability="1.00000000" edges="6/6to6/5 6/5to5/5 5/5to4/5 4/5to3/5 3/5to2/5 2/5to2/4 2/4to2/3 2/3to2/2 2/2to2/1 2/1to2/0 2/0to3/0"/>
        </routeDistribution>
    </vehicle>
    <vehicle id="5" depart="5.00" departLane="best" departPos="random_free" departSpeed="max">
        <routeDistribution last="0">
            <route cost="63.22" probability="1.00000000" edges="8/6to8/7 8/7to7/7 7/7to6/7 6/7to6/6 6/6to6/5 6/5to6/4 6/4to6/3 6/3to6/2 6/2to6/3"/>
        </routeDistribution>
    </vehicle>
    <vehicle id="6" depart="6.00" departLane="best" departPos="random_free" departSpeed="max">
        <routeDistribution last="0">
            <route cost="63.22" probability="1.00000000" edges="8/2to8/3 8/3to7/3 7/3to6/3 6/3to5/3 5/3to5/4 5/4to5/5 5/5to5/6 5/6to5/7 5/7to5/6"/>
        </routeDistribution>
    </vehicle>
    <vehicle id="7" depart="7.00" departLane="best" departPos="random_free" departSpeed="max">
        <routeDistribution last="0">
            <route cost="63.22" probability="1.00000000" edges="7/6to6/6 6/6to5/6 5/6to4/6 4/6to3/6 3/6to2/6 2/6to1/6 1/6to0/6 0/6to0/5 0/5to1/5"/>
        </routeDistribution>
    </vehicle>
    <vehicle id="8" depart="8.00" departLane="best" departPos="random_free" departSpeed="max">
        <routeDistribution last="0">
            <route cost="70.25" probability="1.00000000" edges="4/4to3/4 3/4to3/5 3/5to3/6 3/6to3/7 3/7to3/8 3/8to4/8 4/8to5/8 5/8to6/8 6/8to7/8 7/8to7/9"/>
        </routeDistribution>
    </vehicle>
    <vehicle id="9" depart="9.00" departLane="best" departPos="random_free" departSpeed="max">
        <routeDistribution last="0">
            <route cost="70.25" probability="1.00000000" edges="10/6to10/7 10/7to9/7 9/7to8/7 8/7to7/7 7/7to6/7 6/7to5/7 5/7to4/7 4/7to4/8 4/8to4/9 4/9to3/9"/>
        </routeDistribution>
    </vehicle>
    <vehicle id="10" depart="10.00" departLane="best" departPos="random_free" departSpeed="max">
        <routeDistribution last="0">
            <route cost="105.38" probability="1.00000000" edges="8/10to7/10 7/10to6/10 6/10to5/10 5/10to4/10 4/10to3/10 3/10to2/10 2/10to1/10 1/10to1/9 1/9to1/8 1/8to1/7 1/7to1/6 1/6to1/5 1/5to1/4 1/4to1/3 1/3to1/4"/>
        </routeDistribution>
    </vehicle>
    <vehicle id="11" depart="11.00" departLane="best" departPos="random_free" departSpeed="max">
        <routeDistribution last="0">
            <route cost="28.10" probability="1.00000000" edges="7/4to7/5 7/5to8/5 8/5to9/5 9/5to10/5"/>
        </routeDistribution>
    </vehicle>
    <vehicle id="12" depart="12.00" departLane="best" departPos="random_free" departSpeed="max">
        <routeDistribution last="0">
            <route cost="98.35" probability="1.00000000" edges="5/8to4/8 4/8to4/7 4/7to4/6 4/6to4/5 4/5to4/4 4/4to4/3 4/3to4/2 4/2to4/1 4/1to5/1 5/1to6/1 6/1to7/1 7/1to8/1 8/1to9/1 9/1to8/1"/>
        </routeDistribution>
    </vehicle>
    <vehicle id="13" depart="13.00" departLane="best" departPos="random_free" departSpeed="max">
        <routeDistribution last="0">
            <route cost="119.43" probability="1.00000000" edges="0/9to0/8 0/8to0/7 0/7to0/6 0/6to0/5 0/5to0/4 0/4to0/3 0/3to0/2 0/2to1/2 1/2to2/2 2/2to3/2 3/2to4/2 4/2to5/2 5/2to6/2 6/2to7/2 7/2to8/2 8/2to9/2 9/2to10/2"/>
        </routeDistribution>
    </vehicle>
    <vehicle id="14" depart="14.00" departLane="best" departPos="random_free" departSpeed="max">
        <routeDistribution last="0">
            <route cost="105.38" probability="1.00000000" edges="10/2to10/1 10/1to9/1 9/1to8/1 8/1to7/1 7/1to6/1 6/1to5/1 5/1to5/2 5/2to5/3 5/3to5/4 5/4to5/5 5/5to5/6 5/6to5/7 5/7to5/8 5/8to5/9 5/9to5/8"/>
        </routeDistribution>
    </vehicle>
    <vehicle id="15" depart="15.00" departLane="best" departPos="random_free" departSpeed="max">
        <routeDistribution last="0">
            <route cost="63.22" probability="1.00000000" edges="9/6to8/6 8/6to7/6 7/6to6/6 6/6to5/6 5/6to4/6 4/6to3/6 3/6to2/6 2/6to2/7 2/7to1/7"/>
        </routeDistribution>
    </vehicle>
    <vehicle id="16" depart="16.00" departLane="best" departPos="random_free" departSpeed="max">
        <routeDistribution last="0">
            <route cost="28.10" probability="1.00000000" edges="0/5to0/6 0/6to1/6 1/6to2/6 2/6to2/5"/>
        </routeDistribution>
    </vehicle>
    <vehicle id="17" depart="17.00" departLane="best" departPos="random_free" departSpeed="max">
        <routeDistribution last="0">
            <route cost="56.20" probability="1.00000000" edges="6/5to5/5 5/5to5/4 5/4to5/3 5/3to6/3 6/3to7/3 7/3to8/3 8/3to9/3 9/3to10/3"/>
        </routeDistribution>
    </vehicle>
    <vehicle id="18" depart="18.00" departLane="best" departPos="random_free" departSpeed="max">
        <routeDistribution last="0">
            <route cost="42.15" probability="1.00000000" edges="6/10to6/9 6/9to5/9 5/9to4/9 4/9to4/8 4/8to4/7 4/7to4/6"/>
        </routeDistribution>
    </vehicle>
    <vehicle id="19" depart="19.00" departLane="best" departPos="random_free" departSpeed="max">
        <routeDistribution last="0">
            <route cost="42.15" probability="1.00000000" edges="4/4to3/4 3/4to3/5 3/5to3/6 3/6to4/6 4/6to5/6 5/6to4/6"/>
        </routeDistribution>
    </vehicle>
    <vehicle id="20" depart="20.00" departLane="best" departPos="random_free" departSpeed="max">
        <routeDistribution last="0">
            <route cost="63.22" probability="1.00000000" edges="2/10to2/9 2/9to2/8 2/8to2/7 2/7to2/6 2/6to2/5 2/5to3/5 3/5to4/5 4/5to5/5 5/5to4/5"/>
        </routeDistribution>
    </vehicle>
    <vehicle id="21" depart="21.00" departLane="best" departPos="random_free" departSpeed="max">
        <routeDistribution last="0">
            <route cost="63.22" probability="1.00000000" edges="4/7to3/7 3/7to3/6 3/6to3/5 3/5to4/5 4/5to5/5 5/5to6/5 6/5to7/5 7/5to8/5 8/5to7/5"/>
        </routeDistribution>
    </vehicle>
    <vehicle id="22" depart="22.00" departLane="best" departPos="random_free" departSpeed="max">
        <routeDistribution last="0">
            <route cost="133.48" probability="1.00000000" edges="1/8to1/9 1/9to1/8 1/8to1/7 1/7to1/6 1/6to1/5 1/5to1/4 1/4to1/3 1/3to1/2 1/2to1/1 1/1to1/0 1/0to2/0 2/0to3/0 3/0to4/0 4/0to5/0 5/0to6/0 6/0to7/0 7/0to8/0 8/0to9/0 9/0to8/0"/>
        </routeDistribution>
    </vehicle>
    <vehicle id="23" depart="23.00" departLane="best" departPos="random_free" departSpeed="max">
        <routeDistribution last="0">
            <route cost="21.08" probability="1.00000000" edges="9/3to10/3 10/3to9/3 9/3to9/4"/>
        </routeDistribution>
    </vehicle>
    <vehicle id="24" depart="24.00" departLane="best" departPos="random_free" departSpeed="max">
        <routeDistribution last="0">
            <route cost="70.25" probability="1.00000000" edges="2/9to3/9 3/9to3/8 3/8to3/7 3/7to3/6 3/6to4/6 4/6to5/6 5/6to6/6 6/6to7/6 7/6to8/6 8/6to9/6"/>
        </routeDistribution>
    </vehicle>
    <vehicle id="25" depart="25.00" departLane="best" departPos="random_free" departSpeed="max">
        <routeDistribution last="0">
            <route cost="105.53" probability="1.00000000" edges="1/5to2/5 2/5to3/5 3/5to4/5 4/5to5/5 5/5to6/5 6/5to7/5 7/5to8/5 8/5to9/5 9/5to10/5 10/5to10/6 10/6to10/7 10/7to10/8 10/8to10/9 10/9to10/10 10/10to9/10"/>
        </routeDistribution>
    </vehicle>
    <vehicle id="26" depart="26.00" departLane="best" departPos="random_free" departSpeed="max">
        <routeDistribution last="0">
            <route cost="77.28" probability="1.00000000" edges="8/9to8/8 8/8to8/7 8/7to8/6 8/6to8/5 8/5to8/4 8/4to8/3 8/3to8/2 8/2to8/1 8/1to8/0 8/0to9/0 9/0to9/1"/>
        </routeDistribution>
    </vehicle>
    <vehicle id="27" depart="27.00" departLane="best" departPos="random_free" departSpeed="max">
        <routeDistribution last="0">
            <route cost="105.53" probability="1.00000000" edges="4/6to3/6 3/6to4/6 4/6to5/6 5/6to6/6 6/6to7/6 7/6to8/6 8/6to9/6 9/6to10/6 10/6to10/5 10/5to10/4 10/4to10/3 10/3to10/2 10/2to10/1 10/1to10/0 10/0to10/1"/>
        </routeDistribution>
    </vehicle>
    <vehicle id="28" depart="28.00" departLane="best" departPos="random_free" departSpeed="max">
        <routeDistribution last="0">
            <route cost="42.15" probability="1.00000000" edges="7/8to7/9 7/9to6/9 6/9to5/9 5/9to5/8 5/8to5/7 5/7to6/7"/>
        </routeDistribution>
    </vehicle>
    <vehicle id="29" depart="29.00" departLane="best" departPos="random_free" departSpeed="max">
        <routeDistribution last="0">
            <route cost="77.28" probability="1.00000000" edges="5/2to5/1 5/1to5/2 5/2to5/3 5/3to5/4 5/4to5/5 5/5to5/6 5/6to5/7 5/7to5/8 5/8to6/8 6/8to7/8 7/8to8/8"/>
        </routeDistribution>
    </vehicle>
    <vehicle id="30" depart="30.00" departLane="best" departPos="random_free" departSpeed="max">
        <routeDistribution last="0">
            <route cost="28.10" probability="1.00000000" edges="4/1to3/1 3/1to2/1 2/1to1/1 1/1to0/1"/>
        </routeDistribution>
    </vehicle>
    <vehicle id="31" depart="31.00" departLane="best" departPos="random_free" departSpeed="max">
        <routeDistribution last="0">
            <route cost="98.35" probability="1.00000000" edges="9/1to8/1 8/1to7/1 7/1to6/1 6/1to5/1 5/1to5/2 5/2to5/3 5/3to5/4 5/4to5/5 5/5to5/6 5/6to5/7 5/7to5/8 5/8to5/9 5/9to5/10 5/10to4/10"/>
        </routeDistribution>
    </vehicle>
    <vehicle id="32" depart="32.00" departLane="best" departPos="random_free" departSpeed="max">
        <routeDistribution last="0">
            <route cost="63.22" probability="1.00000000" edges="6/4to5/4 5/4to5/3 5/3to5/2 5/2to5/1 5/1to6/1 6/1to7/1 7/1to8/1 8/1to9/1 9/1to9/0"/>
        </routeDistribution>
    </vehicle>
    <vehicle id="33" depart="33.00" departLane="best" departPos="random_free" departSpeed="max">
        <routeDistribution last="0">
            <route cost="77.28" probability="1.00000000" edges="0/8to0/7 0/7to0/6 0/6to0/5 0/5to0/4 0/4to0/3 0/3to0/2 0/2to0/1 0/1to1/1 1/1to2/1 2/1to3/1 3/1to3/0"/>
        </routeDistribution>
    </vehicle>
    <vehicle id="34" depart="34.00" departLane="best" departPos="random_free" departSpeed="max">
        <routeDistribution last="0">
            <route cost="105.38" probability="1.00000000" edges="3/9to3/10 3/10to3/9 3/9to3/8 3/8to3/7 3/7to3/6 3/6to3/5 3/5to3/4 3/4to3/3 3/3to3/2 3/2to4/2 4/2to5/2 5/2to6/2 6/2to7/2 7/2to8/2 8/2to7/2"/>
        </routeDistribution>
    </vehicle>
    <vehicle id="35" depart="35.00" departLane="best" departPos="random_free" departSpeed="max">
        <routeDistribution last="0">
            <route cost="91.33" probability="1.00000000" edges="10/6to10/7 10/7to9/7 9/7to8/7 8/7to7/7 7/7to6/7 6/7to5/7 5/7to4/7 4/7to3/7 3/7to3/6 3/6to3/5 3/5to3/4 3/4to3/3 3/3to4/3"/>
        </routeDistribution>
    </vehicle>
    <vehicle id="36" depart="36.00" departLane="best" departPos="random_free" departSpeed="max">
        <routeDistribution last="0">
            <route cost="35.12" probability="1.00000000" edges="3/2to3/3 3/3to2/3 2/3to1/3 1/3to1/2 1/2to0/2"/>
        </routeDistribution>
    </vehicle>
    <vehicle id="37" depart="37.00" departLane="best" departPos="random_free" departSpeed="max">
        <routeDistribution last="0">
            <route cost="63.22" probability="1.00000000" edges="9/1to10/1 10/1to10/2 10/2to10/3 10/3to10/4 10/4to10/5 10/5to10/6 10/6to10/7 10/7to10/8 10/8to10/9"/>
        </routeDistribution>
    </vehicle>
    <vehicle id="38" depart="38.00" departLane="best" departPos="random_free" departSpeed="max">
        <routeDistribution last="0">
            <route cost="77.28" probability="1.00000000" edges="10/1to9/1 9/1to8/1 8/1to7/1 7/1to6/1 6/1to5/1 5/1to4/1 4/1to3/1 3/1to3/2 3/2to3/3 3/3to3/4 3/4to3/5"/>
        </routeDistribution>
    </vehicle>
    <vehicle id="39" depart="39.00" departLane="best" departPos="random_free" departSpeed="max">
        <routeDistribution last="0">
            <route cost="49.17" probability="1.00000000" edges="4/7to4/6 4/6to4/7 4/7to4/8 4/8to5/8 5/8to6/8 6/8to7/8 7/8to6/8"/>
        </routeDistribution>
    </vehicle>
    <vehicle id="40" depart="40.00" departLane="best" departPos="random_free" departSpeed="max">
        <routeDistribution last="0">
            <route cost="105.38" probability="1.00000000" edges="8/0to9/0 9/0to8/0 8/0to7/0 7/0to6/0 6/0to5/0 5/0to4/0 4/0to4/1 4/1to4/2 4/2to4/3 4/3to4/4 4/4to4/5 4/5to4/6 4/6to4/7 4/7to4/8 4/8to5/8"/>
        </routeDistribution>
    </vehicle>
    <vehicle id="41" depart="41.00" departLane="best" departPos="random_free" departSpeed="max">
        <routeDistribution last="0">
            <route cost="70.25" probability="1.00000000" edges="6/1to6/0 6/0to6/1 6/1to6/2 6/2to6/3 6/3to6/4 6/4to6/5 6/5to6/6 6/6to6/7 6/7to7/7 7/7to7/8"/>
        </routeDistribution>
    </vehicle>
    <vehicle id="42" depart="42.00" departLane="best" departPos="random_free" departSpeed="max">
        <routeDistribution last="0">
            <route cost="56.20" probability="1.00000000" edges="6/3to7/3 7/3to7/4 7/4to7/5 7/5to7/6 7/6to7/7 7/7to8/7 8/7to9/7 9/7to9/8"/>
        </routeDistribution>
    </vehicle>
    <vehicle id="43" depart="43.00" departLane="best" departPos="random_free" departSpeed="max">
        <routeDistribution last="0">
            <route cost="77.35" probability="1.00000000" edges="0/10to0/9 0/9to0/8 0/8to0/7 0/7to0/6 0/6to0/5 0/5to0/4 0/4to0/3 0/3to1/3 1/3to2/3 2/3to3/3 3/3to3/2"/>
        </routeDistribution>
    </vehicle>
    <vehicle id="44" depart="44.00" departLane="best" departPos="random_free" departSpeed="max">
        <routeDistribution last="0">
            <route cost="98.35" probability="1.00000000" edges="4/9to4/10 4/10to3/10 3/10to2/10 2/10to2/9 2/9to2/8 2/8to2/7 2/7to2/6 2/6to2/5 2/5to2/4 2/4to2/3 2/3to2/2 2/2to2/1 2/1to2/0 2/0to3/0"/>
        </routeDistribution>
    </vehicle>
    <vehicle id="45" depart="45.00" departLane="best" departPos="random_free" departSpeed="max">
        <routeDistribution last="0">
            <route cost="49.17" probability="1.00000000" edges="5/10to6/10 6/10to5/10 5/10to5/9 5/9to5/8 5/8to5/7 5/7to5/6 5/6to5/7"/>
        </routeDistribution>
    </vehicle>
    <vehicle id="46" depart="46.00" departLane="best" departPos="random_free" departSpeed="max">
        <routeDistribution last="0">
            <route cost="49.17" probability="1.00000000" edges="4/5to4/4 4/4to4/5 4/5to4/6 4/6to5/6 5/6to6/6 6/6to7/6 7/6to6/6"/>
        </routeDistribution>
    </vehicle>
    <vehicle id="47" depart="47.00" departLane="best" departPos="random_free" departSpeed="max">
        <routeDistribution last="0">
            <route cost="63.22" probability="1.00000000" edges="6/6to6/5 6/5to7/5 7/5to8/5 8/5to9/5 9/5to10/5 10/5to10/4 10/4to10/3 10/3to10/2 10/2to10/3"/>
        </routeDistribution>
    </vehicle>
    <vehicle id="48" depart="48.00" departLane="best" departPos="random_free" departSpeed="max">
        <routeDistribution last="0">
            <route cost="70.25" probability="1.00000000" edges="6/7to7/7 7/7to6/7 6/7to5/7 5/7to4/7 4/7to3/7 3/7to2/7 2/7to1/7 1/7to1/8 1/8to1/9 1/9to1/8"/>
        </routeDistribution>
    </vehicle>
    <vehicle id="49" depart="49.00" departLane="best" departPos="random_free" departSpeed="max">
        <routeDistribution last="0">
            <route cost="105.38" probability="1.00000000" edges="1/10to1/9 1/9to2/9 2/9to3/9 3/9to4/9 4/9to5/9 5/9to6/9 6/9to7/9 7/9to8/9 8/9to9/9 9/9to10/9 10/9to10/8 10/8to10/7 10/7to10/6 10/6to10/5 10/5to9/5"/>
        </routeDistribution>
    </vehicle>
    <vehicle id="50" depart="50.00" departLane="best" departPos="random_free" departSpeed="max">
        <routeDistribution last="0">
            <route cost="56.20" probability="1.00000000" edges="1/8to2/8 2/8to2/9 2/9to3/9 3/9to4/9 4/9to5/9 5/9to6/9 6/9to7/9 7/9to7/8"/>
        </routeDistribution>
    </vehicle>
    <vehicle id="51" depart="51.00" departLane="best" departPos="random_free" departSpeed="max">
        <routeDistribution last="0">
            <route cost="84.30" probability="1.00000000" edges="2/1to2/0 2/0to2/1 2/1to2/2 2/2to2/3 2/3to3/3 3/3to4/3 4/3to5/3 5/3to6/3 6/3to7/3 7/3to8/3 8/3to9/3 9/3to10/3"/>
        </routeDistribution>
    </vehicle>
    <vehicle id="52" depart="52.00" departLane="best" departPos="random_free" departSpeed="max">
        <routeDistribution last="0">
            <route cost="56.20" probability="1.00000000" edges="7/9to7/10 7/10to6/10 6/10to5/10 5/10to4/10 4/10to3/10 3/10to2/10 2/10to1/10 1/10to1/9"/>
        </routeDistribution>
    </vehicle>
    <vehicle id="53" depart="53.00" departLane="best" departPos="random_free" departSpeed="max">
        <routeDistribution last="0">
            <route cost="77.28" probability="1.00000000" edges="0/2to0/1 0/1to1/1 1/1to1/0 1/0to2/0 2/0to3/0 3/0to4/0 4/0to5/0 5/0to6/0 6/0to7/0 7/0to8/0 8/0to8/1"/>
        </routeDistribution>
    </vehicle>
    <vehicle id="54" depart="54.00" departLane="best" departPos="random_free" departSpeed="max">
        <routeDistribution last="0">
            <route cost="63.22" probability="1.00000000" edges="3/8to2/8 2/8to2/7 2/7to3/7 3/7to4/7 4/7to5/7 5/7to6/7 6/7to7/7 7/7to8/7 8/7to8/8"/>
        </routeDistribution>
    </vehicle>
    <vehicle id="55" depart="55.00" departLane="best" departPos="random_free" departSpeed="max">
        <routeDistribution last="0">
            <route cost="28.18" probability="1.00000000" edges="9/7to9/8 9/8to9/9 9/9to9/10 9/10to10/10"/>
        </routeDistribution>
    </vehicle>
    <vehicle id="56" depart="56.00" departLane="best" departPos="random_free" departSpeed="max">
        <routeDistribution last="0">
            <route cost="77.28" probability="1.00000000" edges="5/7to6/7 6/7to5/7 5/7to4/7 4/7to3/7 3/7to2/7 2/7to1/7 1/7to1/6 1/6to1/5 1/5to1/4 1/4to1/3 1/3to2/3"/>
        </routeDistribution>
    </vehicle>
    <vehicle id="57" depart="57.00" departLane="best" departPos="random_free" departSpeed="max">
        <routeDistribution last="0">
            <route cost="42.15" probability="1.00000000" edges="4/2to3/2 3/2to3/3 3/3to3/4 3/4to3/5 3/5to3/6 3/6to3/5"/>
        </routeDistribution>
    </vehicle>
    <vehicle id="58" depart="58.00" departLane="best" departPos="random_free" departSpeed="max">
        <routeDistribution last="0">
            <route cost="49.17" probability="1.00000000" edges="7/0to8/0 8/0to7/0 7/0to6/0 6/0to5/0 5/0to4/0 4/0to4/1 4/1to4/2"/>
        </routeDistribution>
    </vehicle>
    <vehicle id="59" depart="59.00" departLane="best" departPos="random_free" departSpeed="max">
        <routeDistribution last="0">
            <route cost="77.28" probability="1.00000000" edges="3/4to3/5 3/5to3/6 3/6to3/7 3/7to3/8 3/8to4/8 4/8to5/8 5/8to6/8 6/8to7/8 7/8to8/8 8/8to9/8 9/8to10/8"/>
        </routeDistribution>
    </vehicle>
    <vehicle id="60" depart="60.00" departLane="best" departPos="random_free" departSpeed="max">
        <routeDistribution last="0">
            <route cost="63.22" probability="1.00000000" edges="1/2to0/2 0/2to0/3 0/3to0/4 0/4to0/5 0/5to0/6 0/6to0/7 0/7to1/7 1/7to2/7 2/7to3/7"/>
        </routeDistribution>
    </vehicle>
    <vehicle id="61" depart="61.00" departLane="best" departPos="random_free" departSpeed="max">
        <routeDistribution last="0">
            <route cost="98.35" probability="1.00000000" edges="8/8to7/8 7/8to6/8 6/8to5/8 5/8to4/8 4/8to3/8 3/8to2/8 2/8to1/8 1/8to0/8 0/8to0/7 0/7to0/6 0/6to0/5 0/5to0/4 0/4to0/3 0/3to0/4"/>
        </routeDistribution>
    </vehicle>
    <vehicle id="62" depart="62.00" departLane="best" departPos="random_free" departSpeed="max">
        <routeDistribution last="0">
            <route cost="56.20" probability="1.00000000" edges="8/6to8/7 8/7to7/7 7/7to6/7 6/7to5/7 5/7to4/7 4/7to4/6 4/6to4/5 4/5to4/6"/>
        </routeDistribution>
    </vehicle>
    <vehicle id="63" depart="63.00" departLane="best" departPos="random_free" departSpeed="max">
        <routeDistribution last="0">
            <route cost="21.08" probability="1.00000000" edges="0/4to1/4 1/4to1/5 1/5to1/6"/>
        </routeDistribution>
    </vehicle>
    <vehicle id="64" depart="64.00" departLane="best" departPos="random_free" departSpeed="max">
        <routeDistribution last="0">
            <route cost="14.05" probability="1.00000000" edges="2/8to3/8 3/8to4/8"/>
        </routeDistribution>
    </vehicle>
    <vehicle id="65" depart="65.00" departLane="best" departPos="random_free" departSpeed="max">
        <routeDistribution last="0">
            <route cost="42.15" probability="1.00000000" edges="10/4to9/4 9/4to9/5 9/5to9/6 9/6to9/7 9/7to9/8 9/8to10/8"/>
        </routeDistribution>
    </vehicle>
    <vehicle id="66" depart="66.00" departLane="best" departPos="random_free" departSpeed="max">
        <routeDistribution last="0">
            <route cost="63.22" probability="1.00000000" edges="10/5to9/5 9/5to8/5 8/5to7/5 7/5to6/5 6/5to5/5 5/5to4/5 4/5to4/6 4/6to4/7 4/7to4/6"/>
        </routeDistribution>
    </vehicle>
    <vehicle id="67" depart="67.00" departLane="best" departPos="random_free" departSpeed="max">
        <routeDistribution last="0">
            <route cost="70.25" probability="1.00000000" edges="4/0to4/1 4/1to4/2 4/2to4/3 4/3to4/4 4/4to4/5 4/5to4/6 4/6to4/7 4/7to5/7 5/7to6/7 6/7to6/6"/>
        </routeDistribution>
    </vehicle>
    <vehicle id="68" depart="68.00" departLane="best" departPos="random_free" departSpeed="max">
        <routeDistribution last="0">
            <route cost="49.17" probability="1.00000000" edges="3/7to4/7 4/7to4/8 4/8to5/8 5/8to6/8 6/8to7/8 7/8to8/8 8/8to9/8"/>
        </routeDistribution>
    </vehicle>
    <vehicle id="69" depart="69.00" departLane="best" departPos="random_free" departSpeed="max">
        <routeDistribution last="0">
            <route cost="35.12" probability="1.00000000" edges="4/4to4/5 4/5to5/5 5/5to6/5 6/5to7/5 7/5to6/5"/>
        </routeDistribution>
    </vehicle>
    <vehicle id="70" depart="70.00" departLane="best" departPos="random_free" departSpeed="max">
        <routeDistribution last="0">
            <route cost="49.17" probability="1.00000000" edges="3/5to3/4 3/4to3/5 3/5to3/6 3/6to4/6 4/6to5/6 5/6to6/6 6/6to6/7"/>
        </routeDistribution>
    </vehicle>
    <vehicle id="71" depart="71.00" departLane="best" departPos="random_free" departSpeed="max">
        <routeDistribution last="0">
            <route cost="84.30" probability="1.00000000" edges="2/8to1/8 1/8to1/7 1/7to1/6 1/6to1/5 1/5to1/4 1/4to1/3 1/3to2/3 2/3to3/3 3/3to4/3 4/3to5/3 5/3to6/3 6/3to7/3"/>
        </routeDistribution>
    </vehicle>
    <vehicle id="72" depart="72.00" departLane="best" departPos="random_free" departSpeed="max">
        <routeDistribution last="0">
            <route cost="49.17" probability="1.00000000" edges="7/1to7/0 7/0to6/0 6/0to5/0 5/0to4/0 4/0to3/0 3/0to2/0 2/0to1/0"/>
        </routeDistribution>
    </vehicle>
    <vehicle id="73" depart="73.00" departLane="best" departPos="random_free" departSpeed="max">
        <routeDistribution last="0">
            <route cost="35.12" probability="1.00000000" edges="10/7to10/8 10/8to9/8 9/8to8/8 8/8to8/9 8/9to9/9"/>
        </routeDistribution>
    </vehicle>
    <vehicle id="74" depart="74.00" departLane="best" departPos="random_free" departSpeed="max">
        <routeDistribution last="0">
            <route cost="70.25" probability="1.00000000" edges="2/1to2/0 2/0to2/1 2/1to2/2 2/2to2/3 2/3to2/4 2/4to3/4 3/4to4/4 4/4to5/4 5/4to6/4 6/4to7/4"/>
        </routeDistribution>
    </vehicle>
    <vehicle id="75" depart="75.00" departLane="best" departPos="random_free" departSpeed="max">
        <routeDistribution last="0">
            <route cost="21.08" probability="1.00000000" edges="5/7to5/8 5/8to4/8 4/8to3/8"/>
        </routeDistribution>
    </vehicle>
    <vehicle id="76" depart="76.00" departLane="best" departPos="random_free" departSpeed="max">
        <routeDistribution last="0">
            <route cost="28.10" probability="1.00000000" edges="2/8to3/8 3/8to2/8 2/8to2/9 2/9to2/10"/>
        </routeDistribution>
    </vehicle>
    <vehicle id="77" depart="77.00" departLane="best" departPos="random_free" departSpeed="max">
        <routeDistribution last="0">
            <route cost="28.10" probability="1.00000000" edges="0/4to1/4 1/4to1/3 1/3to2/3 2/3to1/3"/>
        </routeDistribution>
    </vehicle>
    <vehicle id="78" depart="78.00" departLane="best" departPos="random_free" departSpeed="max">
        <routeDistribution last="0">
            <route cost="35.12" probability="1.00000000" edges="3/3to2/3 2/3to2/4 2/4to2/5 2/5to3/5 3/5to2/5"/>
        </routeDistribution>
    </vehicle>
    <vehicle id="79" depart="79.00" departLane="best" departPos="random_free" departSpeed="max">
        <routeDistribution last="0">
            <route cost="21.08" probability="1.00000000" edges="2/2to3/2 3/2to3/1 3/1to2/1"/>
        </routeDistribution>
    </vehicle>
    <vehicle id="80" depart="80.00" departLane="best" departPos="random_free" departSpeed="max">
        <routeDistribution last="0">
            <route cost="49.17" probability="1.00000000" edges="4/2to4/3 4/3to4/4 4/4to4/5 4/5to4/6 4/6to5/6 5/6to6/6 6/6to5/6"/>
        </routeDistribution>
    </vehicle>
    <vehicle id="81" depart="81.00" departLane="best" departPos="random_free" departSpeed="max">
        <routeDistribution last="0">
            <route cost="91.33" probability="1.00000000" edges="2/10to3/10 3/10to2/10 2/10to2/9 2/9to2/8 2/8to2/7 2/7to2/6 2/6to2/5 2/5to2/4 2/4to2/3 2/3to2/2 2/2to2/1 2/1to2/0 2/0to1/0"/>
        </routeDistribution>
    </vehicle>
    <vehicle id="82" depart="82.00" departLane="best" departPos="random_free" departSpeed="max">
        <routeDistribution last="0">
            <route cost="63.22" probability="1.00000000" edges="4/2to4/3 4/3to4/4 4/4to4/5 4/5to4/6 4/6to4/7 4/7to4/8 4/8to4/9 4/9to5/9 5/9to4/9"/>
        </routeDistribution>
    </vehicle>
    <vehicle id="83" depart="83.00" departLane="best" departPos="random_free" departSpeed="max">
        <routeDistribution last="0">
            <route cost="28.10" probability="1.00000000" edges="7/8to6/8 6/8to6/9 6/9to7/9 7/9to7/10"/>
        </routeDistribution>
    </vehicle>
    <vehicle id="84" depart="84.00" departLane="best" departPos="random_free" departSpeed="max">
        <routeDistribution last="0">
            <route cost="77.28" probability="1.00000000" edges="6/8to6/7 6/7to5/7 5/7to4/7 4/7to3/7 3/7to2/7 2/7to1/7 1/7to1/6 1/6to1/5 1/5to1/4 1/4to1/3 1/3to2/3"/>
        </routeDistribution>
    </vehicle>
    <vehicle id="85" depart="85.00" departLane="best" departPos="random_free" departSpeed="max">
        <routeDistribution last="0">
            <route cost="98.50" probability="1.00000000" edges="10/9to10/10 10/10to9/10 9/10to8/10 8/10to7/10 7/10to6/10 6/10to5/10 5/10to4/10 4/10to4/9 4/9to4/8 4/8to4/7 4/7to4/6 4/6to4/5 4/5to4/4 4/4to5/4"/>
        </routeDistribution>
    </vehicle>
    <vehicle id="86" depart="86.00" departLane="best" departPos="random_free" departSpeed="max">
        <routeDistribution last="0">
            <route cost="56.20" probability="1.00000000" edges="0/8to0/7 0/7to0/6 0/6to0/5 0/5to0/4 0/4to0/3 0/3to0/2 0/2to0/1 0/1to1/1"/>
        </routeDistribution>
    </vehicle>
    <vehicle id="87" depart="87.00" departLane="best" departPos="random_free" departSpeed="max">
        <routeDistribution last="0">
            <route cost="98.35" probability="1.00000000" edges="10/9to9/9 9/9to8/9 8/9to7/9 7/9to6/9 6/9to5/9 5/9to4/9 4/9to3/9 3/9to2/9 2/9to1/9 1/9to0/9 0/9to0/8 0/8to0/7 0/7to0/6 0/6to0/7"/>
        </routeDistribution>
    </vehicle>
    <vehicle id="88" depart="88.00" departLane="best" departPos="random_free" departSpeed="max">
        <routeDistribution last="0">
            <route cost="28.25" probability="1.00000000" edges="1/2to0/2 0/2to0/1 0/1to0/0 0/0to1/0"/>
        </routeDistribution>
    </vehicle>
    <vehicle id="89" depart="89.00" departLane="best" departPos="random_free" departSpeed="max">
        <routeDistribution last="0">
            <route cost="49.17" probability="1.00000000" edges="5/3to6/3 6/3to6/4 6/4to6/5 6/5to7/5 7/5to8/5 8/5to9/5 9/5to9/6"/>
        </routeDistribution>
    </vehicle>
    <vehicle id="90" depart="90.00" departLane="best" departPos="random_free" departSpeed="max">
        <routeDistribution last="0">
            <route cost="49.17" probability="1.00000000" edges="7/5to6/5 6/5to6/6 6/6to6/7 6/7to7/7 7/7to8/7 8/7to9/7 9/7to9/8"/>
        </routeDistribution>
    </vehicle>
    <vehicle id="91" depart="91.00" departLane="best" departPos="random_free" departSpeed="max">
        <routeDistribution last="0">
            <route cost="49.17" probability="1.00000000" edges="0/3to1/3 1/3to1/4 1/4to1/5 1/5to1/6 1/6to1/7 1/7to1/8 1/8to2/8"/>
        </routeDistribution>
    </vehicle>
    <vehicle id="92" depart="92.00" departLane="best" departPos="random_free" departSpeed="max">
        <routeDistribution last="0">
            <route cost="28.10" probability="1.00000000" edges="5/3to4/3 4/3to4/4 4/4to4/5 4/5to5/5"/>
        </routeDistribution>
    </vehicle>
    <vehicle id="93" depart="93.00" departLane="best" departPos="random_free" departSpeed="max">
        <routeDistribution last="0">
            <route cost="21.08" probability="1.00000000" edges="2/0to2/1 2/1to3/1 3/1to2/1"/>
        </routeDistribution>
    </vehicle>
    <vehicle id="94" depart="94.00" departLane="best" departPos="random_free" departSpeed="max">
        <routeDistribution last="0">
            <route cost="77.28" probability="1.00000000" edges="10/8to10/7 10/7to9/7 9/7to8/7 8/7to7/7 7/7to6/7 6/7to5/7 5/7to4/7 4/7to3/7 3/7to3/6 3/6to3/5 3/5to3/6"/>
        </routeDistribution>
    </vehicle>
    <vehicle id="95" depart="95.00" departLane="best" departPos="random_free" departSpeed="max">
        <routeDistribution last="0">
            <route cost="35.12" probability="1.00000000" edges="6/6to7/6 7/6to6/6 6/6to5/6 5/6to5/7 5/7to5/6"/>
        </routeDistribution>
    </vehicle>
    <vehicle id="96" depart="96.00" departLane="best" departPos="random_free" departSpeed="max">
        <routeDistribution last="0">
            <route cost="35.12" probability="1.00000000" edges="4/6to5/6 5/6to5/5 5/5to5/4 5/4to6/4 6/4to7/4"/>
        </routeDistribution>
    </vehicle>
    <vehicle id="97" depart="97.00" departLane="best" departPos="random_free" departSpeed="max">
        <routeDistribution last="0">
            <route cost="105.45" probability="1.00000000" edges="7/6to7/7 7/7to6/7 6/7to5/7 5/7to4/7 4/7to3/7 3/7to2/7 2/7to1/7 1/7to1/6 1/6to1/5 1/5to1/4 1/4to1/3 1/3to1/2 1/2to1/1 1/1to1/0 1/0to0/0"/>
        </routeDistribution>
    </vehicle>
    <vehicle id="98" depart="98.00" departLane="best" departPos="random_free" departSpeed="max">
        <routeDistribution last="0">
            <route cost="56.20" probability="1.00000000" edges="4/6to4/7 4/7to4/6 4/6to5/6 5/6to6/6 6/6to7/6 7/6to8/6 8/6to9/6 9/6to8/6"/>
        </routeDistribution>
    </vehicle>
    <vehicle id="99" depart="99.00" departLane="best" departPos="random_free" departSpeed="max">
        <routeDistribution last="0">
            <route cost="56.20" probability="1.00000000" edges="4/10to3/10 3/10to2/10 2/10to2/9 2/9to2/8 2/8to2/7 2/7to2/6 2/6to2/5 2/5to2/6"/>
        </routeDistribution>
    </vehicle>
</routes>
